<?xml version="1.0" encoding="UTF-8"?>
<!DOCTYPE properties SYSTEM "http://java.sun.com/dtd/properties.dtd">
<properties>
<comment>todo-sql</comment>

	<entry key="selectTodo">
		SELECT T.TODO_NO, T.TODO_TITLE, T.TODO_MEMO, TO_CHAR(T.TODO_DATE, 'YYYY-MM-DD') TODO_DATE, T.TODO_DEL_FL, T.MEMBER_NO 
		FROM TODO T
		WHERE T.MEMBER_NO = ?
	</entry>
	
	<entry key="insertTodo">
		INSERT INTO TODO VALUES(SEQ_TODO_NO.NEXTVAL, ?, ?, DEFAULT, DEFAULT, ?)
	</entry>
	
	<entry key="selectOne">
		SELECT T.TODO_NO, T.TODO_TITLE, T.TODO_MEMO, TO_CHAR(T.TODO_DATE, 'YYYY-MM-DD') TODO_DATE, T.TODO_DEL_FL, T.MEMBER_NO 
		FROM TODO T
		WHERE T.TODO_NO = ?
	</entry>
	
	<entry key="updateTodo">
		UPDATE TODO 
		SET TODO_TITLE = ?,
			TODO_MEMO = ?
		WHERE TODO_NO = ?
	</entry>
	
	<entry key="deleteTodo">
		DELETE FROM TODO
		WHERE TODO_NO = ?
	</entry>
	
</properties>